strategy,checkpoint,metric,mean,sd,n_seeds
random,initial,tsc,29.09,2.74,10
random,initial,lemma_acc,48.21,1.31,10
random,initial,upos_acc,53.61,1.44,10
random,0.1,tsc,41.87,2.21,10
random,0.1,lemma_acc,52.55,1.14,10
random,0.1,upos_acc,60.63,1.27,10
random,0.2,tsc,54.85,2.75,10
random,0.2,lemma_acc,58.34,1.21,10
random,0.2,upos_acc,67.11,1.01,10
random,0.3,tsc,61.78,2.1,10
random,0.3,lemma_acc,61.92,0.9,10
random,0.3,upos_acc,70.12,0.93,10
random,0.5,tsc,70.89,1.72,10
random,0.5,lemma_acc,66.56,1.13,10
random,0.5,upos_acc,73.98,1.22,10
entropy,initial,tsc,29.09,2.74,10
entropy,initial,lemma_acc,48.21,1.31,10
entropy,initial,upos_acc,53.61,1.44,10
entropy,0.1,tsc,40.08,2.44,10
entropy,0.1,lemma_acc,51.62,1.13,10
entropy,0.1,upos_acc,59.9,0.76,10
entropy,0.2,tsc,52.52,1.33,10
entropy,0.2,lemma_acc,56.61,0.58,10
entropy,0.2,upos_acc,66.59,1.27,10
entropy,0.3,tsc,59.9,1.11,10
entropy,0.3,lemma_acc,60.31,0.98,10
entropy,0.3,upos_acc,69.8,1.26,10
entropy,0.5,tsc,69.12,1.43,10
entropy,0.5,lemma_acc,66.05,1.04,10
entropy,0.5,upos_acc,74.16,1.4,10
novelty,initial,tsc,29.09,2.74,10
novelty,initial,lemma_acc,48.21,1.31,10
novelty,initial,upos_acc,53.61,1.44,10
novelty,0.1,tsc,41.23,2.27,10
novelty,0.1,lemma_acc,51.62,1.97,10
novelty,0.1,upos_acc,59.52,1.83,10
novelty,0.2,tsc,55.67,2.12,10
novelty,0.2,lemma_acc,57.65,1.1,10
novelty,0.2,upos_acc,65.94,1.45,10
novelty,0.3,tsc,63.12,1.19,10
novelty,0.3,lemma_acc,61.85,0.97,10
novelty,0.3,upos_acc,69.59,1.36,10
novelty,0.5,tsc,71.54,0.69,10
novelty,0.5,lemma_acc,67.23,1.07,10
novelty,0.5,upos_acc,73.97,0.99,10
baseline,initial,tsc,29.09,2.74,10
baseline,initial,lemma_acc,48.21,1.31,10
baseline,initial,upos_acc,53.61,1.44,10
baseline,0.1,tsc,43.44,2.03,10
baseline,0.1,lemma_acc,52.57,0.81,10
baseline,0.1,upos_acc,60.52,1.1,10
baseline,0.2,tsc,56.62,1.32,10
baseline,0.2,lemma_acc,58.48,1.03,10
baseline,0.2,upos_acc,66.65,1.06,10
baseline,0.3,tsc,64.44,0.99,10
baseline,0.3,lemma_acc,62.02,0.88,10
baseline,0.3,upos_acc,70.35,1.34,10
baseline,0.5,tsc,72.52,1.06,10
baseline,0.5,lemma_acc,67.16,0.77,10
baseline,0.5,upos_acc,74.06,1.15,10
equal,initial,tsc,29.09,2.74,10
equal,initial,lemma_acc,48.21,1.31,10
equal,initial,upos_acc,53.61,1.44,10
equal,0.1,tsc,42.22,1.91,10
equal,0.1,lemma_acc,51.89,1.08,10
equal,0.1,upos_acc,60.24,1.17,10
equal,0.2,tsc,56.01,1.52,10
equal,0.2,lemma_acc,57.98,0.79,10
equal,0.2,upos_acc,66.4,1.38,10
equal,0.3,tsc,64.08,1.16,10
equal,0.3,lemma_acc,62.29,0.97,10
equal,0.3,upos_acc,70.32,1.19,10
equal,0.5,tsc,72.36,1.21,10
equal,0.5,lemma_acc,67.14,1.27,10
equal,0.5,upos_acc,74.43,0.79,10
support-heavy,initial,tsc,29.09,2.74,10
support-heavy,initial,lemma_acc,48.21,1.31,10
support-heavy,initial,upos_acc,53.61,1.44,10
support-heavy,0.1,tsc,43.18,1.72,10
support-heavy,0.1,lemma_acc,52.76,1.16,10
support-heavy,0.1,upos_acc,60.23,1.02,10
support-heavy,0.2,tsc,57.71,1.19,10
support-heavy,0.2,lemma_acc,59.0,0.57,10
support-heavy,0.2,upos_acc,66.08,1.13,10
support-heavy,0.3,tsc,64.91,1.31,10
support-heavy,0.3,lemma_acc,62.95,0.8,10
support-heavy,0.3,upos_acc,69.19,1.15,10
support-heavy,0.5,tsc,72.53,1.37,10
support-heavy,0.5,lemma_acc,67.75,1.0,10
support-heavy,0.5,upos_acc,73.64,1.17,10
novelty-heavy,initial,tsc,29.09,2.74,10
novelty-heavy,initial,lemma_acc,48.21,1.31,10
novelty-heavy,initial,upos_acc,53.61,1.44,10
novelty-heavy,0.1,tsc,41.86,2.59,10
novelty-heavy,0.1,lemma_acc,51.39,1.53,10
novelty-heavy,0.1,upos_acc,59.9,1.82,10
novelty-heavy,0.2,tsc,56.22,1.73,10
novelty-heavy,0.2,lemma_acc,57.76,1.36,10
novelty-heavy,0.2,upos_acc,66.31,1.33,10
novelty-heavy,0.3,tsc,63.64,1.33,10
novelty-heavy,0.3,lemma_acc,62.3,1.02,10
novelty-heavy,0.3,upos_acc,69.6,0.86,10
novelty-heavy,0.5,tsc,71.97,1.11,10
novelty-heavy,0.5,lemma_acc,67.47,0.98,10
novelty-heavy,0.5,upos_acc,73.92,1.03,10
uncertainty-heavy,initial,tsc,29.09,2.74,10
uncertainty-heavy,initial,lemma_acc,48.21,1.31,10
uncertainty-heavy,initial,upos_acc,53.61,1.44,10
uncertainty-heavy,0.1,tsc,41.64,2.04,10
uncertainty-heavy,0.1,lemma_acc,51.88,1.41,10
uncertainty-heavy,0.1,upos_acc,60.72,1.44,10
uncertainty-heavy,0.2,tsc,54.52,1.59,10
uncertainty-heavy,0.2,lemma_acc,57.62,0.93,10
uncertainty-heavy,0.2,upos_acc,66.24,1.52,10
uncertainty-heavy,0.3,tsc,62.48,1.44,10
uncertainty-heavy,0.3,lemma_acc,61.41,0.7,10
uncertainty-heavy,0.3,upos_acc,70.1,1.72,10
uncertainty-heavy,0.5,tsc,71.03,1.3,10
uncertainty-heavy,0.5,lemma_acc,66.36,1.2,10
uncertainty-heavy,0.5,upos_acc,74.49,1.09,10
mean-only,initial,tsc,29.09,2.74,10
mean-only,initial,lemma_acc,48.21,1.31,10
mean-only,initial,upos_acc,53.61,1.44,10
mean-only,0.1,tsc,43.41,1.84,10
mean-only,0.1,lemma_acc,52.49,0.88,10
mean-only,0.1,upos_acc,60.39,1.02,10
mean-only,0.2,tsc,56.65,1.33,10
mean-only,0.2,lemma_acc,58.69,0.97,10
mean-only,0.2,upos_acc,66.91,1.13,10
mean-only,0.3,tsc,64.28,1.41,10
mean-only,0.3,lemma_acc,62.29,1.22,10
mean-only,0.3,upos_acc,70.22,1.12,10
mean-only,0.5,tsc,72.21,1.01,10
mean-only,0.5,lemma_acc,67.41,1.0,10
mean-only,0.5,upos_acc,74.23,1.38,10
balanced,initial,tsc,29.09,2.74,10
balanced,initial,lemma_acc,48.21,1.31,10
balanced,initial,upos_acc,53.61,1.44,10
balanced,0.1,tsc,43.04,2.29,10
balanced,0.1,lemma_acc,52.66,1.3,10
balanced,0.1,upos_acc,60.63,0.77,10
balanced,0.2,tsc,55.71,1.58,10
balanced,0.2,lemma_acc,57.64,0.7,10
balanced,0.2,upos_acc,66.67,1.48,10
balanced,0.3,tsc,63.84,1.86,10
balanced,0.3,lemma_acc,61.69,0.66,10
balanced,0.3,upos_acc,70.2,0.87,10
balanced,0.5,tsc,71.82,1.21,10
balanced,0.5,lemma_acc,66.89,0.91,10
balanced,0.5,upos_acc,74.46,0.72,10
fullpool,full,tsc,80.04,1.31,10
fullpool,full,lemma_acc,73.36,1.12,10
fullpool,full,upos_acc,77.81,1.02,10
